Stage,N,r_weeks,p_weeks,r_bmi,p_bmi,Filter
Raw Data,1081,0.12647853250084018,3.0409287063182517e-05,-0.15097115797236105,6.145762580148943e-07,None
After Age Filter,1068,0.11792374600758483,0.00011211698359028868,-0.15470774505904403,3.7626878353947e-07,Weeks 10-25
After GC Filter,619,0.14996693918253706,0.00018054453754509636,-0.12611667977318158,0.00166674808255026,GC 40-60%
Final Clean,555,0.18441549952362332,1.2294346485880837e-05,-0.13782299136288778,0.0011334416706871506,No aneuploidy
