Parameter,Coefficient,P_value,Significance,CI_Lower,CI_Upper
Intercept,0.1111820493218013,1.309529547685899e-11,***,0.07959360547297545,0.14277049317062715
weeks,0.0018420407680056305,6.907872554238e-07,***,0.001121581487245715,0.002562500048765546
BMI,-0.0019754400336328536,5.8988240489836736e-05,***,-0.002933962338328101,-0.0010169177289376065
