Parameter,Coefficient,P_value,Odds_Ratio,OR_95CI_Lower,OR_95CI_Upper
weeks,0.06901382785692264,0.05945040551859863,1.071451024917383,0.9972533901874807,1.1511691111731277
BMI,-0.18679746999355454,6.9885269820284196e-06,0.8296117406430576,0.7647054191444663,0.9000271516093182
