Metric,Above 4% (n=483),Below 4% (n=72)
Count,483,72
Percentage,87.0%,13.0%
Mean Weeks,16.44365572315883,15.875
Mean BMI,32.10445008062845,33.70923025196136
Mean Y Conc,0.08435599102691511,0.03154137427777778
Std Weeks,3.847644757486505,3.498280076731601
Std BMI,2.7329715272806947,3.297892307895114
Std Y Conc,0.030347644893445477,0.006136640293441726
