covariate,original_time_ratio,bootstrap_time_ratio,original_ci_lower,original_ci_upper,bootstrap_ci_lower,bootstrap_ci_upper,bootstrap_success_rate
bmi_std,,1.1635872197384904,,,1.0489226543538723,1.293389706147294,1.0
age_std,,1.1001479820706521,,,0.9720471285991027,1.2525689051418971,1.0
raw_read_count_std,,1.2070544319301277,,,1.0684938779258386,1.394815129284945,1.0
unique_mapped_reads_std,,0.9838333051851725,,,0.8630232953907385,1.0790032510878986,1.0
mapping_ratio_std,,1.3383334652579624,,,1.1312227598739781,1.7380742046712006,1.0
gc_content_std,,0.9681410358791518,,,0.8245965399068511,1.0766384163069966,1.0
