Variable,N,Pearson_r,Pearson_p,Spearman_r,Spearman_p,Significant
weeks,1068,-0.05165024404023705,0.09158539803214365,-0.06645493409916688,0.029884125336810653,False
BMI,1068,-0.0008494020219017469,0.9778805389649655,-0.0008620641293123665,0.9775508885601887,False
Y_concentration,1068,-0.02316082869115893,0.449578944049881,-0.018715797107783,0.5412164298693167,False
