Variable,Pearson_r,Pearson_p,Spearman_r,Spearman_p,Significance
Gestational Weeks,0.18441549952362332,1.2294346485880837e-05,0.11446736345411364,0.006944993296593857,***
Maternal BMI,-0.13782299136288778,0.0011334416706871506,-0.1498341389483732,0.0003972351272440174,**
