covariate,original_time_ratio,bootstrap_time_ratio,original_ci_lower,original_ci_upper,bootstrap_ci_lower,bootstrap_ci_upper,bootstrap_success_rate
BMI,1.1486228581104938,1.1472083888975682,1.0110030241507149,1.3049757900400112,1.049840354271606,1.272213943251906,1.0
AGE,1.0913336157754947,1.0742929340213783,0.9602657596957439,1.2402910849377584,0.953126482799126,1.1908922040387704,1.0
RAW_READ_COUNT,1.189140953315607,1.1762712377772533,0.9596778087756278,1.4734697352817046,1.0499030124518955,1.3255240192792586,1.0
UNIQUE_MAPPED_READS,0.988027236840713,0.9950465513009277,0.8028886370211676,1.2158570637653172,0.8896193996915644,1.1158212632076951,1.0
MAPPING_RATIO,1.2729856189680329,1.2923327637767756,1.0523416714796767,1.5398918716398293,1.1413217246861211,1.6162298192218754,1.0
GC_CONTENT,0.9751245909257513,0.9413676352271446,0.8633906539957809,1.1013183469469898,0.7714430730545205,1.0676668729469525,1.0
