BMI_Group,Confidence_Level,n_simulations,mean,std,median,ci_2.5,ci_97.5,ci_width,robustness_label,raw_weeks
Obese I (30-35),tau_0.9,10,16.22727272727273,0.291051101701493,16.28787878787879,15.791666666666668,16.632575757575758,0.8409090909090899,medium,"[16.363636363636363, 16.666666666666668, 15.757575757575758, 16.515151515151516, 15.90909090909091, 16.363636363636363, 16.060606060606062, 15.90909090909091, 16.21212121212121, 16.515151515151516]"
Obese I (30-35),tau_0.95,10,20.43939393939394,0.19696969696969646,20.37878787878788,20.185606060606062,20.757575757575758,0.5719696969696955,high,"[20.151515151515152, 20.757575757575758, 20.303030303030305, 20.757575757575758, 20.454545454545453, 20.606060606060606, 20.454545454545453, 20.303030303030305, 20.303030303030305, 20.303030303030305]"
Overweight (25-30),tau_0.9,10,14.09090909090909,0.574959574576069,14.09090909090909,13.215909090909092,15.049242424242426,1.833333333333334,medium,"[14.545454545454547, 13.787878787878789, 13.333333333333334, 14.09090909090909, 13.181818181818182, 14.242424242424242, 14.09090909090909, 14.696969696969697, 13.787878787878789, 15.151515151515152]"
Overweight (25-30),tau_0.95,10,17.863636363636367,0.6723244767373877,17.803030303030305,17.03787878787879,19.140151515151516,2.1022727272727266,medium,"[17.87878787878788, 17.424242424242426, 17.272727272727273, 17.727272727272727, 16.96969696969697, 18.03030303030303, 18.03030303030303, 19.242424242424242, 17.272727272727273, 18.78787878787879]"
Obese II+ (≥35),tau_0.9,10,21.12121212121212,0.8276666838634953,21.28787878787879,20.0,22.43939393939394,2.4393939393939412,medium,"[20.454545454545453, 22.575757575757578, 21.363636363636363, 21.96969696969697, 21.81818181818182, 21.363636363636363, 20.454545454545453, 20.0, 21.21212121212121, 20.0]"
Obese II+ (≥35),tau_0.95,1,24.696969696969695,0.0,24.696969696969695,24.696969696969695,24.696969696969695,0.0,insufficient_data,[24.696969696969695]
