model_type,threshold,test_samples,confusion_matrix,accuracy,precision,recall,specificity,fpr,f1_score,roc_auc,pr_auc,brier_score,ppv,npv,tp,fp,fn,tn
xgboost,0.5247474747474747,60,"[[np.int64(53), np.int64(1)], [np.int64(4), np.int64(2)]]",0.9166666666666666,0.6666666666666666,0.3333333333333333,0.9814814814814815,0.018518518518518517,0.4444444444444444,0.8055555555555556,0.4806045751633986,0.08805793929052706,0.6666666666666666,0.9298245614035088,2,1,4,53
