{
  "original_metrics": {
    "confusion_matrix": [
      [
        118,
        1
      ],
      [
        11,
        0
      ]
    ],
    "accuracy": 0.9076923076923077,
    "precision": 0.0,
    "recall": 0.0,
    "f1_score": 0.0,
    "fpr": 0.008403361344537815,
    "tpr": 0.0,
    "ppv": 0.0,
    "npv": 0.9147286821705426,
    "pr_auc": 0.1622162923956324,
    "roc_auc": 0.6646294881588999,
    "brier_score": 0.08890782045503089,
    "n_positive": 11,
    "n_negative": 119,
    "threshold_used": 0.6416587299108507,
    "baseline_accuracy": 0.8384615384615385,
    "baseline_precision": 0.08333333333333333,
    "baseline_recall": 0.09090909090909091,
    "baseline_f1": 0.08695652173913043
  },
  "improved_metrics": {
    "confusion_matrix": [
      [
        103,
        16
      ],
      [
        8,
        3
      ]
    ],
    "recall": 0.2727272727272727,
    "precision": 0.15789473684210525,
    "fpr": 0.13445378151260504,
    "f1_score": 0.2,
    "pr_auc": 0.1622162923956324,
    "threshold_used": 0.17500000000000007,
    "n_positive": 11,
    "n_negative": 119
  },
  "best_hybrid_metrics": {
    "tp": 4,
    "tn": 88,
    "fp": 31,
    "fn": 7,
    "recall": 0.36363636363636365,
    "precision": 0.11428571428571428,
    "fpr": 0.2605042016806723,
    "f1": 0.17391304347826086,
    "pr_auc": 0.11969303797397102,
    "n_detections": 35
  },
  "best_hybrid_strategy": "rule_OR_ml",
  "recall_improvement": 0.36363636363636365,
  "threshold_optimization": {
    "n_thresholds_tested": 242,
    "constraint_met": 