model_type,threshold,threshold_origin,tp,fp,tn,fn,accuracy,precision,recall,specificity,fpr,f1_score,roc_auc,pr_auc,brier_score,ppv,npv
xgboost,0.8668844221105528,calibration_set,1,1,87,11,0.88,0.5,0.08333333333333333,0.9886363636363636,0.011363636363636364,0.14285714285714285,0.8958333333333333,0.4525351142628031,0.09357870458799715,0.5,0.8877551020408163
